InvoiceID,CustomerID,TariffID,BillingDate,DueDate,PaymentDate,Consumption_kWh,Amount_EUR,Discount_EUR,PaymentStatus,BillType,ComplaintFlag,PaymentChannel,Notes
INV-10001,C011,DUAL-SAVE,2024-10-03,2024-10-29,,392,53.76,0,Pending,Estimated,Yes,Web Banking,
INV-10002,C018,EL-FIX12,2024-12-17,2025-01-16,2025-01-11,5101.4,745.2,0,Paid,Actual,No,Bank Transfer,
INV-10003,C053,DUAL-SAVE,2025-03-15,2025-04-15,2025-04-11,3471.3,417.11,0,Paid,Actual,No,Card,
INV-10004,C041,EL-FIX12,2024-02-04,2024-02-29,2024-02-24,1382.1,186.52,19.38,Paid,Actual,Yes,Card,
INV-10005, C035 ,DUAL-SAVE,2025-02-02,2025-02-24,2025-02-20,1247,154.64,0,Paid,Actual,No,Cash,
INV-10006,C026,GAS-VAR,2025-05-10,2025-06-01,,1207.5,67.99,14.81,Overdue,Actual,No,Bank Transfer,
INV-10007,C054,GAS-VAR,2025-02-15,2025-03-08,2025-03-01,6004.8,399.42,0,Paid,Actual,Yes,Web Banking,
INV-10008,C036,GAS-FIX,2024-10-04,2024-11-04,2024-10-30,2977.8,200.72,14.5,Paid,Estimated,No,Bank Transfer,
INV-10009,C045,GAS-FIX,2024-09-17,2024-10-15,2024-10-09,341.6,28.05,0,Paid,Actual,No,Direct Debit,
INV-10010,C005,DUAL-SAVE,2025-02-15,2025-03-15,2025-04-08,841.6,106.81,0,Late,Actual,No,Cash,
INV-10011,C036,EL-VAR,2025-09-05,2025-10-03,2025-09-30,8175.5,1083.36,0,Paid,Actual,No,Web Banking,
INV-10012,C049,GAS-VAR,2025-08-12,2025-09-05,2025-08-28,466,33.85,0,Paid,Actual,No,Bank Transfer,
INV-10013,C023,EL-GREEN,2025-07-13,2025-08-10,2025-08-12,1661.8,250.87,6.07,Late,Actual,No,Cash,
INV-10014,C001,GAS-VAR,2024-03-12,2024-04-05,2024-05-02,3983.3,265.99,0,Late,Actual,No,Bank Transfer,
INV-10015,C019,GAS-VAR,2024-09-13,2024-10-03,2024-10-10,2033.6,137.32,0,Late,Actual,No,Direct Debit,
INV-10016,C002,EL-GREEN,2025-01-02,2025-01-26,2025-01-22,1989.4,306.4,0,Paid,Actual,No,Direct Debit,
INV-10017,C028,GAS-VAR,2024-06-03,2024-06-29,,225.3,17.97,0,Overdue,Actual,Yes,Direct Debit,
INV-10018,C039,gas-var,2025-12-11,2026-01-06,2026-01-13,9106.5,604.13,0,Late,Actual,No,Card,
INV-10019,C026,DUAL-SAVE,2024-10-18,2024-11-13,2024-12-06,1352.5,152.51,14.58,Late,Actual,No,Card,
INV-10020,C043,GAS-FIX,2025-04-02,2025-04-27,2025-04-24,1261.5,93.37,0,Paid,Estimated,No,Cash,
INV-10021,C031,GAS-FIX,2024-09-24,2024-10-22,2024-10-17,470.8,29.24,7.99,Paid,Estimated,No,Cash,
INV-10022,C008,EL-GREEN,2025-03-04,2025-04-03,2025-05-01,359,60.21,0,Late,Actual,Yes,Card,
INV-10023,C032,GAS-FIX,2024-06-08,2024-06-28,2024-06-25,601,46.47,0,Paid,Actual,No,Card,
INV-10024,C035,GAS-VAR,2025-04-15,2025-05-07,,1327.7,73.33,17.4,Overdue,Actual,No,Bank Transfer,
INV-10025,C022,EL-VAR,2024-06-09,2024-07-09,2024-07-02,1265.1,166.08,5.12,Paid,Actual,No,Bank Transfer,
INV-10026,C011,EL-VAR,2024-01-05,2024-01-30,2024-01-25,326.1,47.24,0,Paid,Actual,No,Direct Debit,
INV-10027,C023,GAS-VAR,2024-05-05,2024-05-27,2024-05-22,1394.4,95.13,0,Paid,Actual,No,Direct Debit,
INV-10028,C028,GAS-FIX,2024-11-25,2024-12-15,2024-12-12,222.8,19.62,0,Paid,Estimated,Yes,Bank Transfer,
INV-10029,C029,EL-FIX12,2024-10-09,2024-11-05,,4148.9,601.1,5.99,Overdue,Actual,No,Cash,
INV-10030,C039,GAS-VAR,2025-05-20,2025-06-16,2025-07-07,3450.1,230.81,0,Late,Actual,No,Direct Debit,
INV-10031,C018,GAS-VAR,2025-05-02,2025-05-26,2025-06-23,4887.7,325.69,0,Late,Actual,No,Web Banking,
INV-10032,C036,DUAL-SAVE,04/11/2025,2025-11-24,2025-11-24,3533.1,424.4,0,Paid,Actual,No,Card,
INV-10033,C027,GAS-FIX,2025-07-03,2025-07-31,2025-07-30,707.4,54.03,0,Paid,Estimated,No,Card,
INV-10034,C013,GAS-VAR,2025-09-19,2025-10-15,2025-10-14,275.2,21.26,0,Paid,Actual,No,Bank Transfer,
INV-10035,C033,EL-GREEN,2025-01-13,2025-02-08,2025-02-02,452.1,74.26,0,Paid,Actual,No,Cash,
INV-10036,C017,EL-VAR,2025-03-10,2025-03-30,2025-03-22,572.6,79.79,0,Paid,Estimated,No,Direct Debit,
INV-10037,C008,DUAL-SAVE,2025-06-14,2025-07-08,2025-07-06,322.6,45.57,0,Paid,Actual,No,Bank Transfer,
INV-10038,C035,DUAL-SAVE,2024-10-07,2024-10-30,2024-10-25,1369.9,169.15,0,Paid,Actual,No,Cash,
INV-10039,C041,GAS-VAR,2025-04-17,2025-05-12,2025-05-10,1419.3,80.79,15.98,Paid,Actual,No,Web Banking,
INV-10040,C025,GAS-VAR,2025-08-10,2025-09-09,2025-09-06,208.8,16.88,0,Paid,Actual,No,Cash,
INV-10041,C025,GAS-FIX,2024-06-14,2024-07-08,,120,12.32,0,Pending,Actual,No,Direct Debit,
INV-10042,C043,DUAL-SAVE,2025-10-23,2025-11-15,2025-11-14,868.6,110,0,Paid,Actual,No,Bank Transfer,
INV-10043,C026,EL-VAR,2025-03-20,2025-04-09,2025-04-03,1378,186.1,0,Paid,Actual,No,Cash,
INV-10044,C050,EL-VAR,2024-01-23,2024-02-17,2024-02-09,638.7,78.51,10,Paid,Estimated,No,Bank Transfer,
INV-10045,C036,EL-VAR,2025-09-04,2025-09-25,2025-10-05,5486.2,728.38,0,Late,Actual,No,Cash,
INV-10046,C006,EL-GREEN,2025-06-02,2025-06-23,2025-06-17,368.1,61.59,0,Paid,Actual,No,Web Banking,
INV-10047,C038,GAS-FIX,2024-07-14,2024-08-13,,288.2,8.05,16.21,Overdue,Estimated,No,Card,
INV-10048,C058,EL-VAR,2024-09-25,2024-10-18,2024-11-10,522.6,73.19,0,Late,Actual,No,Web Banking,
INV-10049,C015,GAS-FIX,2025-08-14,9 Sep 2025,2025-09-09,590.7,45.74,0,Paid,Estimated,No,Bank Transfer,
INV-10050,C036,GAS-VAR,2025-12-15,2026-01-15,2026-01-10,6254,415.86,0,Paid,Actual,No,Card,
INV-10051,C039,DUAL-SAVE,2025-09-07,2025-10-08,,4277.1,512.2,0,Pending,Estimated,No,Card,
INV-10052,C044,EL-FIX12,2024-12-18,2025-01-07,2025-01-15,557.5,86.33,0,Late,Actual,No,Cash,
INV-10053,C021,EL-GREEN,2025-08-17,2025-09-09,2025-09-02,1897.2,292.48,0,Paid,Estimated,No,Card,
INV-10054,C052,EL-FIX12,2024-07-16,2024-08-16,,1287.1,192.13,0,Pending,Actual,No,Card,
INV-10055,C056,GAS-VAR,2025-03-09,2025-04-03,2025-03-30,538.6,38.65,0,Paid,Actual,No,Web Banking,
INV-10056,C036,EL-FIX12,2024-12-09,2025-01-06,2025-01-07,4275.7,625.48,0,Late,Estimated,No,Bank Transfer,
INV-10057,C044,GAS-FIX,2024-05-01,2024-05-26,2024-05-23,699.6,51.16,2.31,Paid,Actual,No,Bank Transfer,
INV-10058,C031,EL-GREEN,2025-11-02,2025-11-28,2025-11-24,931.7,141.35,5.33,Paid,Actual,No,Cash,
INV-10059,C043,GAS-FIX,2024-02-14,2024-03-11,2024-03-15,3762,270.9,0,Late,Actual,No,Direct Debit,
INV-10060,C051,DUAL-SAVE,2025-12-20,2026-01-18,2026-01-10,255.3,37.63,0,Paid,Estimated,No,Card,
INV-10061,C041,EL-GREEN,2024-01-06,2024-01-31,2024-02-28,1043.8,163.61,0,Late,Actual,No,Direct Debit,
INV-10062,C045,DUAL-SAVE,2024-01-22,2024-02-12,2024-02-11,658.8,85.24,0,Paid,Actual,No,Cash,
INV-10063,C051,DUAL-SAVE,2025-02-05,2025-03-02,not paid,331.9,46.67,0,Overdue,Actual,No,Direct Debit,
INV-10064,C012,GAS-FIX,2024-02-23,2024-03-22,2024-03-20,582.4,45.15,0,Paid,Actual,No,Web Banking,
INV-10065,C032,EL-FIX12,2025-03-15,2025-04-13,2025-04-07,1457,208.07,8.7,Paid,Actual,No,Card,
INV-10066,C022,DUAL-SAVE,2024-07-24,2024-08-17,2024-08-12,2291.4,277.89,0,Paid,Actual,No,Bank Transfer,
INV-10067,C051,DUAL-SAVE,2025-07-09,2025-07-30,2025-07-28,221.5,33.64,0,Paid,Actual,No,Web Banking,
INV-10068,C013,EL-FIX12,2025-01-17,2025-02-17,,565.8,77.3,10.23,Overdue,Actual,No,Cash,
INV-10069,C044,EL-VAR,2024-07-12,2024-08-04,2024-08-14,1152.6,156.35,0,Late,Actual,No,Card,
INV-10070,C053,EL-FIX12,2024-10-20,2024-11-15,,3109.4,456.36,0,Overdue,Actual,No,Card,
INV-10071,C045,DUAL-SAVE,2025-06-09,2025-07-06,,499.5,66.45,0,Overdue,Estimated,No,Bank Transfer,
INV-10072,C060,EL-VAR,2024-02-05,2024-02-29,2024-02-27,1709.9,229.91,0,Paid,Actual,No,Card,
INV-10073,C007,DUAL-SAVE,2025-02-12,2025-03-12,2025-03-07,865.9,109.68,0,Paid,Actual,No,Direct Debit,
INV-10074,C042,EL-GREEN,2024-10-10,2024-11-04,2024-10-28,4029.5,598.24,16.22,Paid,Actual,No,Direct Debit,
INV-10075,C057,EL-GREEN,2024-01-22,2024-02-12,2024-02-05,1017.9,159.71,0,Paid,Actual,No,Web Banking,
INV-10076,C030,EL-FIX12,2025-10-02,2025-10-29,2025-10-27,501,78.14,0,Paid,Actual,No,Web Banking,
INV-10077,C025,DUAL-SAVE,2025-03-01,2025-03-26,2025-03-25,153.9,25.66,0,Paid,Actual,No,Web Banking,
INV-10078,C020,EL-VAR,2024-02-08,2024-03-06,2024-03-02,1009.9 kWh,137.5,0,Paid,Actual,No,Direct Debit,
INV-10079,C054,DUAL-SAVE,2024-10-19,2024-11-18,2024-11-11,5167.7,611.88,5.41,Paid,Estimated,No,Cash,
INV-10080,C030,EL-FIX12,2024-06-23,2024-07-20,2024-07-13,809.5,122.87,0,Paid,Actual,No,Web Banking,
INV-10081,C045,GAS-FIX,2025-09-03,2025-09-30,2025-09-22,394.4,18.11,13.69,Paid,Actual,No,Cash,
INV-10082,C003,EL-VAR,2024-02-02,2024-02-22,,681.4,94.14,0,Overdue,Actual,No,Web Banking,
INV-10083,C038,EL-FIX12,2024-10-09,2024-11-08,2024-11-10,2300.1,339.02,0,Late,Actual,Yes,Cash,
INV-10084,C011,EL-FIX12,2025-04-15,2025-05-05,2025-04-29,444.5,69.95,0,Paid,Actual,No,Card,
INV-10085,C028,DUAL-SAVE,2024-02-14,2024-03-16,2024-03-11,435.9,58.93,0,Paid,Actual,No,Web Banking,
INV-10086,C050,DUAL-SAVE,2025-08-09,2025-09-08,,264.7,36.64,2.1,Overdue,Estimated,No,Bank Transfer,
INV-10087,C028,EL-VAR,2025-01-06,2025-02-05,2025-02-03,431,43.37,17.72,Paid,Estimated,No,Web Banking,
INV-10088,C040,EL-GREEN,2024-12-09,2025-01-04,2024-12-31,1156.9,178.12,2.58,Paid,Actual,No,Card,
INV-10089,C042,EL-FIX12,2025-07-25,2025-08-20,2025-08-30,6574.2,958.76,0,Late,Estimated,No,Bank Transfer,
INV-10090,C024,DUAL-SAVE,2025-06-13,2025-07-14,2025-07-10,861.3,106.79,2.34,Paid,Actual,No,Card,
INV-10091,C059,EL-GREEN,2024-09-12,2024-10-12,2024-10-15,805,127.56,0,Late,Actual,Yes,Direct Debit,
INV-10092,C058,GAS-FIX,2025-05-20,2025-06-18,2025-06-13,170.4,€0.24,15.66,Paid,Estimated,Yes,Direct Debit,
INV-10093,C016,EL-GREEN,2024-01-14,2024-02-10,2024-02-05,814.3,128.96,0,Paid,Estimated,No,Card,
INV-10094,C053,EL-VAR,2025-05-11,2025-06-09,2025-07-01,4254.5,565.79,0,Late,Actual,No,Card,
INV-10095,C010,GAS-FIX,2024-02-21,2024-03-19,,3054.8,220.69,0,Overdue,Estimated,No,Cash,
INV-10096,C022,DUAL-SAVE,2025-05-07,2025-06-06,2025-07-03,1756.4,214.76,0,Late,Actual,No,Web Banking,
INV-10097,C046,DUAL-SAVE,2024-07-07,2024-08-05,2024-08-05,248.3,36.8,0,Paid,Estimated,No,Direct Debit,
INV-10098,C058,GAS-FIX,2024-01-06,2024-01-31,2024-01-28,764.8,58.1,0,Paid,Actual,Yes,Card,
INV-10099,C013,DUAL-SAVE,2024-12-08,2025-01-01,2024-12-31,699,89.98,0,Paid,Actual,No,Direct Debit,
INV-10100,C016,EL-GREEN,2024-08-18,2024-09-12,2024-10-09,774.7,122.98,0,Late,Estimated,No,Card,
INV-10101,C008,EL-FIX12,2025-04-14,2025-05-09,2025-05-06,332.4,53.7,0,Paid,Actual,No,Card,
INV-10102,C053,EL-VAR,2024-11-14,2024-12-14,2024-12-11,4618.7,613.86,0,Paid,Actual,No,Bank Transfer,
INV-10103,C028,EL-FIX12,2024-12-21,2025-01-20,2025-01-13,525.2,81.66,0,Paid,Actual,No,Web Banking,
INV-10104,C035,DUAL-SAVE,2024-01-24,2024-02-21,2024-02-17,2546.9,299.93,8.11,Paid,Actual,No,Bank Transfer,
INV-10105,C030,GAS-VAR,2024-05-07,2024-06-03,2024-06-21,511.4,36.85,0,Late,Actual,No,Bank Transfer,
INV-10106,C050,GAS-VAR,2025-08-19,2025-09-10,2025-09-09,114.1,10.63,0,Paid,Estimated,No,Card,
INV-10107,C002,EL-VAR,2025-12-04,2026-01-04,,981.7,"133,78",0,Pending,Actual,No,Card,
INV-10108,C027,EL-FIX12,2025-01-23,2025-02-21,2025-02-14,1383.6,188.38,17.74,Paid,Estimated,Yes,Direct Debit,
INV-10109,C020,GAS-VAR,2024-08-24,2024-09-23,2024-09-16,426,31.21,0,Paid,Estimated,No,Bank Transfer,
INV-10110,C013,EL-FIX12,2025-03-10,2025-04-09,2025-05-10,592,91.35,0,Late,Estimated,No,Web Banking,
INV-10111,C038,DUAL-SAVE,2024-12-25,2025-01-17,2025-01-11,689,74.08,14.73,Paid,Actual,No,Cash,
INV-10112,C057,EL-VAR,2025-03-08,2025-03-29,2025-05-02,1106.9,141.51,8.8,Late,Actual,No,Web Banking,
INV-10113,C054,EL-VAR,2025-10-12,2025-11-09,2025-11-05,3363,448.12,0,Paid,Actual,No,Bank Transfer,
INV-10114,C035,EL-FIX12,2025-12-17,2026-01-10,2026-01-07,1119.9,167.88,0,Paid,Actual,No,Web Banking,
INV-10115,C059,GAS-VAR,2025-06-13,2025-07-04,2025-07-31,329.1,24.82,0,Late,Actual,No,Direct Debit,
INV-10116,C024,EL-FIX12,2025-08-17,2025-09-11,2025-09-21,677.2,103.69,0,Late,Actual,No,Web Banking,
INV-10117,C045,GAS-FIX,2024-01-13,2024-02-11,2024-02-06,1434.6,105.66,0,Paid,Actual,No,Card,
INV-10118,C041,EL-GREEN,2025-07-07,2025-08-05,2025-07-28,1685.3,260.49,0,Paid,Actual,Yes,Web Banking,
INV-10119,C035,DUAL-SAVE,2025-09-01,2025-09-26,2025-09-23,1749.4,199.25,14.68,Paid,Estimated,No,Cash,
INV-10120,C043,EL-GREEN,2024-12-25,2025-01-24,2025-01-20,1417.9,220.1,0,Paid,Actual,No,Card,
INV-10121,C003,EL-VAR,2024-03-13,2024-04-09,,470.1,61.37,4.89,Overdue,Actual,No,Card,
INV-10122,C027,DUAL-SAVE,2025-11-18,2025-12-13,2026-01-13,1450.3,178.63,0,Late,Actual,No,Bank Transfer,
INV-10123,C001,GAS-VAR,2025-07-25,2025-08-16,2025-08-12,2012,135.89,N/A,Paid,Actual,No,Direct Debit,
INV-10124,C025,EL-GREEN,2024-09-01,2024-09-23,2024-09-22,527.7,85.68,0,Paid,Estimated,No,Direct Debit,
INV-10125,C038,GAS-VAR,2024-04-18,2024-05-08,2024-05-01,818.2,57.1,0,Paid,Estimated,No,Card,
INV-10126,C051,GAS-VAR,2024-06-22,2024-07-12,,104.4,9.99,0,Overdue,Actual,No,Web Banking,
INV-10127,C057,EL-VAR,2025-02-25,2025-03-18,2025-03-12,1084.1,147.31,0,Paid,Estimated,No,Direct Debit,
INV-10128,C015,EL-GREEN,2024-10-22,2024-11-20,,799.5,126.73,0,Overdue,Actual,No,Direct Debit,
INV-10129,C027,EL-GREEN,2024-11-03,2024-12-02,2024-12-01,1979.7,304.94,0,Paid,Estimated,No,Bank Transfer,
INV-10130,C029,GAS-FIX,2024-01-08,2024-01-28,2024-01-24,7905.8,565.12,0,Paid,Actual,No,Direct Debit,
INV-10131,C059,EL-FIX12,2024-09-02,2024-09-27,2024-09-24,1256.3,179.4,8.26,Paid,Actual,No,Direct Debit,
INV-10132,C056,EL-GREEN,2025-11-18,2025-12-19,2025-12-15,691.8,110.47,0,Paid,Actual,No,Web Banking,
INV-10133,C057,EL-GREEN,2024-04-04,2024-04-28,2024-04-28,1303.4,185.08,17.73,Paid,Estimated,No,Direct Debit,
INV-10134,C028,GAS-FIX,2024-01-22,2024-02-18,2024-02-12,294,24.67,0,Paid,Actual,No,Cash,
INV-10135,C054,EL-GREEN,2025-07-19,2025-08-13,2025-08-05,6648.7,1009.95,0,Paid,Estimated,No,Cash,
INV-10136,C001,EL-VAR,2024-09-08,2024-09-29,2024-09-24,5481.1,727.7,0,Paid,Actual,No,Card,
INV-10137,C018,EL-FIX12,2024-10-21,2024-11-21,2024-11-13,6184.5,885.33,16.92,Paid,Actual,Yes,Card,
INV-10138,C051,GAS-FIX,2024-05-20,2024-06-17,2024-06-15,324.3,26.82,0,Paid,Actual,No,Direct Debit,
INV-10139,C015,DUAL-SAVE,2025-05-11,2025-06-06,,1209.7,150.24,0,Overdue,Actual,No,Cash,
INV-10140,C010,EL-GREEN,2024-08-21,2024-09-16,2024-09-17,1013.4,159.03,0,paid,Actual,Yes,Bank Transfer,
INV-10141,C058,EL-GREEN,2024-07-20,2024-08-17,,228.6,38.02,2.49,Overdue,Actual,No,Cash,
INV-10142,C004,DUAL-SAVE,2025-11-08,2025-12-05,2025-11-29,1030.4,129.09,0,Paid,Actual,No,Card,
INV-10143,C030,EL-GREEN,2024-01-05,2024-02-03,2024-02-25,785.7,124.65,0,Late,Actual,No,Direct Debit,
INV-10144,C008,EL-FIX12,2025-05-23,2025-06-14,2025-06-09,152.1,20.74,6.82,Paid,Actual,No,Bank Transfer,
INV-10145,C023,GAS-VAR,2025-05-18,2025-06-12,2025-06-08,903.3,62.72,0,Paid,Estimated,No,Card,
INV-10146,C031,GAS-VAR,2025-08-19,2025-09-08,2025-09-02,638.5,45.24,0,Paid,Actual,No,Direct Debit,
INV-10147,C054,DUAL-SAVE,2025-11-19,2025-12-19,2026-01-18,3292.9,396.07,0,Late,Actual,No,Bank Transfer,
INV-10148,C051,GAS-VAR,2024-01-20,2024-02-20,2024-02-16,489.9,35.43,0,Paid,Actual,No,Web Banking,
INV-10149,C009,GAS-VAR,2025-12-06,2025-12-30,2025-12-24,1262.6,77.58,8.85,Paid,Actual,No,Direct Debit,
INV-10150,C019,GAS-VAR,2025-01-11,2025-02-06,2025-02-11,7350,488.2,0,Late,Actual,No,Bank Transfer,
INV-10151,C060,EL-FIX12,2024-09-07,2024-09-29,2024-09-26,1820.2,269.43,0,Paid,Actual,No,Web Banking,
INV-10152,C041,GAS-VAR,2024-05-25,2024-06-19,,1373.4,93.74,0,Overdue,Actual,No,Web Banking,
INV-10153,C020,GAS-FIX,2024-02-22,2024-03-23,2024-03-21,2613.2,189.34,0,Paid,Actual,No,Direct Debit,
INV-10154,C005,EL-GREEN,2025-07-20,2025-08-09,2025-08-02,702.6,103.27,8.82,Paid,Estimated,No,Bank Transfer,
INV-10155,C012,GAS-VAR,2024-06-10,2024-07-06,2024-06-30,148.7,12.91,0,Paid,Actual,No,Bank Transfer,
INV-10156,C051,GAS-FIX,2024-04-25,2024-05-22,2024-05-14,243.9,21.12,0,OVERDUE,Estimated,No,Cash,
INV-10157,C009,GAS-FIX,2025-06-15,2025-07-15,2025-08-02,298.4,24.98,0,Late,Actual,No,Direct Debit,
INV-10158,C041,GAS-FIX,2024-03-19,2024-04-08,,1086.3,80.93,0,Overdue,Actual,No,Cash,
INV-10159,C041,EL-VAR,2025-07-23,2025-08-14,2025-09-13,1445.6,176.63,18.39,Late,Actual,No,Cash,
INV-10160,C018,GAS-VAR,2024-01-07,2024-02-04,2024-01-28,7592.9,504.23,0,Paid,Actual,No,Direct Debit,
INV-10161,C059,GAS-FIX,2024-01-24,2024-02-22,,1168.8,86.79,0,Pending,Actual,No,Web Banking,
INV-10162,C037,GAS-VAR,2024-07-03,2024-07-26,,140.4,12.37,0,Overdue,Estimated,No,Bank Transfer,
INV-10163,C024,GAS-VAR,2024-03-08,2024-03-31,,535.1,38.41,0,Overdue,Actual,No,Direct Debit,
INV-10164,C031,GAS-VAR,2025-05-13,2025-06-09,2025-06-05,1551.2,105.48,0,Paid,Actual,No,Card,
INV-10165,C051,DUAL-SAVE,2025-10-21,2025-11-13,,441.3,41.53,18.04,Pending,Actual,No,Bank Transfer,
INV-10166,C022,EL-GREEN,2024-07-12,2024-08-08,2024-09-08,1674.8,258.9,0,Late,Actual,Yes,Cash,
INV-10167,C044,EL-FIX12,2024-07-14,2024-08-08,,817.1,123.97,0,Overdue,Actual,Yes,Card,
INV-10168,C052,EL-GREEN,2024-09-19,2024-10-11,2024-10-23,739.6,117.68,0,Late,Estimated,No,Cash,
INV-10169,C056,EL-FIX12,2025-07-10,2025-08-08,,575.3,88.92,0,Overdue,Actual,No,Web Banking,
INV-10170,C018,EL-FIX12,2025-05-05,2025-05-29,2025-07-02,4389.5,622.04,19.94,Late,Estimated,No,Direct Debit,
INV-10171,C006,EL-VAR,2024-03-16,2024-04-10,2024-04-02,164.8,18.86,7.1,Paid,Actual,No,Cash,
INV-10172,c036,GAS-FIX,2025-03-20,2025-04-18,2025-04-10,5076.4,364.23,0,Paid,Actual,Yes,Card,
INV-10173,C039,GAS-VAR,2024-01-05,2024-01-29,2024-01-24,8437.6,559.98,0,Paid,Actual,No,Direct Debit,
INV-10174,C011,EL-GREEN,2024-10-25,2024-11-18,2024-11-18,419.4,69.32,0,Paid,Actual,No,Bank Transfer,
INV-10175,C017,GAS-VAR,2024-04-23,2024-05-14,2024-05-07,1122.4,60.16,17.02,Paid,Actual,No,Bank Transfer,
INV-10176,C027,DUAL-SAVE,2025-01-08,2025-01-29,2025-01-25,2540.2,307.24,0,Paid,Actual,No,Bank Transfer,
INV-10177,C049,DUAL-SAVE,2024-02-08,2024-03-04,2024-03-16,1667.6,204.28,0,Late,Estimated,No,Card,
INV-10178,C037,DUAL-SAVE,2024-06-17,2024-07-12,2024-07-09,630.1,81.85,0,Paid,Actual,No,Cash,
INV-10179,C049,EL-FIX12,2025-12-22,2026-01-11,2026-01-07,1308.3,182.73,12.48,Paid,Actual,No,Direct Debit,
INV-10180,C037,EL-VAR,2024-05-11,2024-05-31,2024-05-27,247.7,36.89,0,Paid,Actual,No,Bank Transfer,
INV-10181,C005,GAS-FIX,2025-03-08,2025-04-07,2025-03-31,383.7,31.04,0,Paid,Estimated,No,Web Banking,
INV-10182,C059,EL-GREEN,2024-12-23,2025-01-22,2025-01-14,1119.6,175.05,0,Paid,Actual,No,Card,
INV-10183,C023,GAS-VAR,2024-06-24,2024-07-21,2024-08-07,576,23,18.11,Late,Actual,No,Direct Debit,
INV-10184,C053,EL-FIX12,2025-12-23,2026-01-19,2026-01-17,5154.5,752.9,0,Paid,Estimated,No,Bank Transfer,
INV-10185,C052,EL-VAR,2025-12-19,2026-01-17,,711.1,98.07,0,Overdue,Actual,No,Direct Debit,
INV-10186,C043,GAS-VAR,2025-10-23,2025-11-22,,862.2,48.78,11.22,Overdue,Actual,No,Web Banking,
INV-10187,C050,GAS-FIX,2024-03-09,2024-04-06,2024-05-09,178.8,16.5,0,Late,Actual,No,Web Banking,
INV-10188,C056,GAS-FIX,2024-08-01,2024-08-23,2024-08-17,187.1,17.09,0,Paid,Actual,No,Web Banking,
INV-10189,C014, EL-GREEN ,2025-07-08,2025-08-05,2025-08-01,979.7,153.94,0,Paid,Actual,No,Bank Transfer,
INV-10190,C027,EL-FIX12,2025-09-21,2025-10-15,2025-10-12,1681.5,229.71,19.61,Paid,Actual,No,Bank Transfer,
INV-10191,C038,GAS-VAR,2025-02-17,2025-03-12,2025-03-10,1049.9,72.4,0,Paid,Actual,No,Bank Transfer,
INV-10192,C021,EL-VAR,2024-01-12,2024-02-09,2024-02-01,1652.4,222.32,0,Paid,Actual,No,Card,
INV-10193,C044,EL-VAR,2024-05-11,2024-06-07,2024-06-30,498.4,55.82,14.17,Late,Estimated,No,Bank Transfer,
INV-10194,C055,DUAL-SAVE,2024-05-19,2024-06-14,2024-06-07,1702.7,208.42,0,Paid,Actual,No,Card,
INV-10195,C015,EL-VAR,2025-08-23,2025-09-14,2025-10-05,1224.3,165.81,0,Late,Estimated,No,Cash,
INV-10196,C056,EL-FIX12,2025-01-01,2025-01-30,2025-01-30,1003.8,151.06,0,Paid,Actual,No,Bank Transfer,
INV-10197,C026,GAS-FIX,2024-10-05,2024-10-29,2024-11-18,1555.2,98.65,15.57,Late,Actual,No,Card,
INV-10198,C016,EL-GREEN,2024-10-15,2024-11-12,2024-11-24,568,77.79,13.98,Late,Estimated,Yes,Direct Debit,
INV-10199,C002,EL-FIX12,2024-04-05,2024-04-26,,954,126.76,17.07,Overdue,Actual,No,Card,
INV-10200,C026,DUAL-SAVE,2024-09-20,2024-10-11,,1238.2,153.61,0,Overdue,Estimated,No,Cash,
INV-10201,C033,EL-VAR,2025-04-22,2025-05-19,2025-05-14,402.6,57.34,0,Paid,Actual,No,Web Banking,
INV-10202,C025,EL-FIX12,2025-11-19,2025-12-18,2025-12-14,406.8,51.91,12.57,Paid,Actual,No,Card,
INV-10203,C020,DUAL-SAVE,2024-11-25,2024-12-15,2024-12-08,888.1,112.3,0,Paid,Actual,No,Bank Transfer,
INV-10204,C007,EL-FIX12,2025-04-02,2025-04-26,2025-04-18,699.7,106.95,0,Paid,Actual,No,Card,
INV-10205,C033,EL-FIX12,2024-04-14,2024-05-07,2024-05-06,,112.19,0,Paid,Estimated,No,Web Banking,
INV-10206,C056,GAS-FIX,2024-01-07,2024-02-04,2024-01-31,1383.2,102,0,Paid,Actual,No,Web Banking,
INV-10207,C022,EL-FIX12,2025-09-22,2025-10-19,2025-10-14,1470,218.65,0,Paid,Actual,No,Card,
INV-10208,C023,DUAL-SAVE,2025-04-11,2025-05-01,2025-05-11,1008.5,126.5,0,Late,Actual,No,Card,
INV-10209,C024,EL-FIX12,2024-01-25,2024-02-22,2024-02-22,606.9,81.67,11.83,Paid,Actual,No,Bank Transfer,
INV-10210,C051,EL-GREEN,2025-01-24,2025-02-14,2025-02-10,306.6,52.3,0,Paid,Actual,No,Bank Transfer,
INV-10211,C040,EL-FIX12,2025-03-13,2025-04-08,2025-04-04,930.5,133.11,7.31,Paid,Actual,Yes,Web Banking,
INV-10212,C048,GAS-FIX,2025-01-21,2025-02-17,2025-03-04,7798.9,557.52,0,Late,Estimated,No,Cash,
INV-10213,C044,EL-FIX12,2024-10-22,2024-11-20,2024-11-13,891.2,125.58,9.14,Paid,Actual,No,Direct Debit,
INV-10214,C019,EL-VAR,2024-02-04,2024-03-04,,4964.9,659.57,0,Pending,Estimated,No,Bank Transfer,
INV-10215,C006,DUAL-SAVE,2025-07-10,2025-08-02,,1083.4,135.34,0,Overdue,Actual,No,Card,
INV-10216,C049,GAS-VAR,2024-10-21,2024-11-11,2024-11-04,912.3,63.31,0,Paid,Actual,No,Direct Debit,
INV-10217,C012,EL-FIX12,2024-12-25,2025-01-25,2025-01-21,181.4,27.59,4.21,Paid,Actual,No,Cash,
INV-10218,C015,GAS-FIX,2024-01-17,2024-02-09,2024-02-01,1247.8,92.39,0,Paid,Actual,No,Web Banking,
INV-10219,C005,DUAL-SAVE,2025-02-07,2025-02-28,2025-02-25,1244.9,154.4,0,Paid,Actual,No,Web Banking,
INV-10220,C052,GAS-FIX,2025-09-24,2025-10-21,2025-11-09,278.7,23.59,0,Late,Actual,No,Cash,
INV-10221,C035,EL-VAR,2024-03-06,2024-04-03,2024-04-01,3257.2,434.15,0,Paid,Actual,No,Direct Debit,
INV-10222,C060,GAS-FIX,2024-11-25,2024-12-22,2024-12-21,1026.3,76.67,0,Paid,Actual,No,Card,
INV-10223,C038,EL-VAR,2024-07-15,2024-08-12,2024-08-05,1229.3,166.46,0,Paid,Actual,No,Bank Transfer,
INV-10224,C054,GAS-FIX,2024-08-23,2024-09-17,2024-09-14,1455.3,107.13,0,Paid,Estimated,No,Card,
INV-10225,C006,EL-VAR,2024-07-07,2024-07-29,,348.9,38.51,11.74,Pending,Actual,Yes,Bank Transfer,
INV-10226,C033,GAS-FIX,2024-01-19,2024-02-18,2024-02-12,733.4,48.24,7.63,Paid,Estimated,No,Direct Debit,
INV-10227,C038,EL-VAR,2025-01-18,2025-02-12,2025-02-11,804.7,NULL,12.35,Paid,Actual,No,Cash,
INV-10228,C029,EL-GREEN,2025-05-13,2025-06-11,2025-06-07,4384,667.98,0,Paid,Estimated,No,Cash,
INV-10229,C023,EL-VAR,2025-09-23,2025-10-15,2025-11-18,1791.3,240.65,0,Late,Actual,No,Web Banking,
INV-10230,C006,EL-VAR,2025-02-03,2025-03-01,2025-03-20,501.1,70.35,0,Late,Actual,No,Direct Debit,
INV-10231,C008,EL-VAR,2025-12-05,2026-01-04,2025-12-30,463.8,65.43,0,Paid,Actual,No,Bank Transfer,
INV-10232,C052,GAS-FIX,2024-02-10,2024-03-09,,940.7,56.65,13.94,Pending,Estimated,No,Bank Transfer,
INV-10233,C011,EL-FIX12,2024-08-17,2024-09-12,2024-09-30,487.7,76.21,0,Late,Actual,No,Direct Debit,
INV-10234,C057,EL-VAR,2024-09-07,2024-09-29,2024-09-22,2490.7,315.65,17.33,Paid,Estimated,No,Cash,
INV-10235,C037,GAS-FIX,2025-04-05,2025-05-02,2025-04-27,479.7,37.86,0,Paid,Actual,No,Web Banking,
INV-10236,C029,EL-VAR,2025-05-15,2025-06-08,2025-06-05,2755.1,348.27,19.61,Paid,Actual,No,Cash,
INV-10237,C035,GAS-VAR,2025-01-12,2025-02-02,2025-03-01,2179.8,136.05,10.92,Late,Actual,No,Web Banking,
INV-10238,C021,DUAL-SAVE,2024-11-21,2024-12-11,2024-12-11,1562.4,191.87,0,Paid,Estimated,No,Bank Transfer,
INV-10239,C023,GAS-FIX,2025-03-04,2025-03-24,2025-03-19,1392.3,102.65,0,Paid,Actual,No,Cash,
INV-10240,C002,DUAL-SAVE,2025-04-08,2025-04-29,,856.1,108.51,0,Pending,Estimated,Yes,Bank Transfer,
INV-10241,C030,EL-VAR,2025-05-12,2025-06-10,2025-06-03,957.6,130.61,0,Paid,Actual,No,Direct Debit,
INV-10242,C058,GAS-VAR,2025-05-14,2025-06-07,2025-06-07,244.2,19.22,0,Paid,Actual,No,Web Banking,
INV-10243,C023,GAS-FIX,2024-02-23,2024-03-25,,2049.2,132.49,16.8,Overdue,Actual,Yes,Web Banking,
INV-10244,C044,DUAL-SAVE,31/02/2025,2024-07-08,2024-07-07,504.5,67.03,0,Paid,Estimated,Yes,Card,
INV-10245,C051,EL-VAR,2025-08-15,2025-09-06,2025-10-08,359.7,51.68,0,Late,Actual,No,Card,
INV-10246,C022,EL-FIX12,2025-03-04,2025-04-04,2025-04-10,1476.6,216.75,2.86,Late,Actual,No,Web Banking,
INV-10247,C007,EL-FIX12,2025-09-10,2025-10-04,2025-10-19,562.9,87.12,0,Late,Actual,No,Card,
INV-10248,C059,GAS-FIX,2024-08-17,2024-09-12,,222.4,19.59,0,Overdue,Actual,No,Cash,
INV-10249,C041,EL-GREEN,2025-02-24,2025-03-25,2025-04-13,1231.4,191.95,0,Late,Actual,No,Bank Transfer,
INV-10250,C021,GAS-FIX,2025-09-25,2025-10-22,2025-10-15,597.8,46.24,0,Paid,Actual,No,Web Banking,
INV-10251,C008,EL-VAR,2025-12-01,2025-12-25,2025-12-20,258.8,38.36,0,Paid,Actual,No,Web Banking,
INV-10252,C016,EL-FIX12,2025-01-13,2025-02-09,2025-02-08,595.4,91.83,0,Paid,Actual,No,Card,
INV-10253,C020,GAS-FIX,2024-04-02,2024-04-24,2024-04-19,802.7,48.8,11.99,Paid,Estimated,No,Bank Transfer,
INV-10254,C059,EL-VAR,2025-08-22,2025-09-20,2025-09-15,1677.3,225.6,0,Paid,Actual,Yes,Bank Transfer,
INV-10255,C025,EL-VAR,2024-05-04,2024-05-31,2024-06-01,266.1,39.33,0,Late,Actual,No,Cash,
INV-10256,C041,EL-FIX12,2025-01-02,2025-01-23,2025-02-20,1944.8,278.28,9.21,Late,Actual,No,Direct Debit,
INV-10257,C002,EL-FIX12,2025-03-01,2025-04-01,2025-03-27,1398.5,208.28,0,Paid,Actual,No,Card,
INV-10258,C059,EL-FIX12,2025-05-14,2025-06-03,2025-05-30,513.1,79.9,0,Paid,Actual,No,Card,
INV-10259,C018,DUAL-SAVE,2025-03-21,2025-04-21,2025-04-21,3608.9,433.35,0,Paid,Actual,No,Web Banking,
INV-10260,C011,EL-VAR,2024-04-07,2024-05-08,2024-05-11,430.7,49.8,11.26,Late,Actual,No,Bank Transfer,
INV-10261,C022,GAS-VAR,2025-05-20,2025-06-18,2025-07-23,1053.9,72.66,0,Late,Actual,No,Direct Debit,
INV-10262,C022,GAS-FIX,2025-03-16,2025-04-08,2025-04-13,1162.2,79.9,6.42,Late,Actual,No,Web Banking,
INV-10263,C001,EL-VAR,2025-11-03,2025-12-03,2025-12-01,4018.5,534.65,0,Paid,Actual,No,Bank Transfer,
INV-10264,C057,DUAL-SAVE,2024-05-13,2024-06-13,2024-06-06,1666.6,204.16,0,Paid,Actual,No,Direct Debit,
INV-10265,C023,DUAL-SAVE,2025-05-23,2025-06-23,2025-06-20,2014.6,245.22,0,Paid,Actual,No,Card,
INV-10266,C016,DUAL-SAVE,2024-03-20,2024-04-10,2024-04-08,533.9,70.5,0,Paid,Actual,No,Bank Transfer,
INV-10267,C042,EL-VAR,2024-09-23,29/08/2024,2024-10-06,6748.5,889.59,5.41,Paid,Actual,No,Web Banking,
INV-10268,C032,EL-FIX12,2025-04-06,2025-04-28,2025-04-28,1624.3,241.02,0,Paid,Estimated,Yes,Card,
INV-10269,C024,DUAL-SAVE,2024-05-12,2024-06-08,2024-06-03,463.6,62.2,0,Paid,Actual,No,Bank Transfer,
INV-10270,C035,EL-FIX12,2025-11-06,2025-12-07,2025-12-07,1297.6,193.65,0,Paid,Actual,No,Bank Transfer,
INV-10271,C033,EL-VAR,2025-01-14,2025-02-04,2025-01-27,394.3,56.25,0,Paid,Estimated,No,Direct Debit,
INV-10272,C022,GAS-VAR,2024-10-25,2024-11-16,2024-11-11,904.2,62.78,0,Paid,Estimated,No,Web Banking,
INV-10273,C030,DUAL-SAVE,2024-04-06,2024-05-04,2024-05-22,496.3,66.06,0,Late,Estimated,No,Cash,
INV-10274,C039,EL-GREEN,2024-10-02,2024-10-24,2024-10-23,5009,762.36,0,Paid,Actual,No,Cash,
INV-10275,C031,GAS-VAR,2025-11-03,2025-11-23,2025-11-23,1112.9,76.55,0,Paid,Actual,No,Web Banking,
INV-10276,C039,GAS-FIX,2024-03-17,2024-04-11,2024-04-06,3856.6,266.41,11.21,Paid,Actual,No,Bank Transfer,
INV-10277,C048,DUAL-SAVE,2024-06-20,2024-07-13,,6765.8,800.96,4.91,Overdue,Actual,No,Card,
INV-10278,C060,GAS-FIX,2025-09-11,2025-10-02,2025-11-02,1244.4,92.15,0,Late,Actual,No,Web Banking,
INV-10279,C039,GAS-VAR,2025-06-19,2025-07-17,2025-07-14,1919.4,129.78,0,Paid,Actual,No,Web Banking,
INV-10280,C059,EL-FIX12,2024-10-17,2024-11-15,2024-11-09,437,68.86,0,Paid,Actual,No,Card,
INV-10281,C027,DUAL-SAVE,2024-09-25,2024-10-17,2024-10-11,1392.5,171.81,0,Paid,Estimated,No,Web Banking,
INV-10282,C022,DUAL-SAVE,2024-05-03,2024-05-26,2024-05-24,786.1,86.61,13.65,Paid,Actual,No,Bank Transfer,
INV-10283,C044,GAS-VAR,2025-07-25,2025-08-14,2025-08-10,318.7,24.13,0,Paid,Actual,Yes,Web Banking,
INV-10284,C036,GAS-FIX,2024-08-15,2024-09-08,2024-09-14,1497.6,110.13,0,Late,Actual,No,Bank Transfer,
INV-10285,C048,EL-FIX12,2024-09-06,2024-09-27,2024-09-21,4072.7,590.53,5.51,Paid,Actual,No,Web Banking,
INV-10286,C055,GAS-FIX,2024-05-24,2024-06-17,2024-06-13,1287,89.63,5.54,Paid,Actual,No,Bank Transfer,
INV-10287,C003,DUAL-SAVE,2025-05-20,2025-06-14,2025-06-10,714,91.75,0,Paid,Actual,Yes,Bank Transfer,
INV-10288,C030,EL-GREEN,2024-09-04,2024-09-30,2024-09-28,807,127.85,0,Paid,Estimated,No,Card,
INV-10289,C052,GAS-VAR,2024-05-10,2024-06-10,2024-06-03,495.3,22.6,13.19,,Actual,No,Card,
INV-10290,C010,GAS-FIX,2025-07-18,2025-08-12,2025-08-21,375.2,14.34,16.1,Late,Estimated,No,Cash,
INV-10291,C038,EL-GREEN,2025-08-02,2025-08-27,,921.8,145.19,0,Pending,Estimated,No,Direct Debit,
INV-10292,C015,GAS-FIX,2024-05-15,2024-06-09,2024-06-03,1381.3,101.88,0,Paid,Actual,No,Web Banking,
INV-10293,C043,DUAL-SAVE,2025-01-10,2025-01-31,2025-01-28,1809,208.35,12.61,Paid,Estimated,No,Bank Transfer,
INV-10294,C025,EL-FIX12,2024-01-13,2024-02-05,2024-02-03,211.3,36.14,0,Paid,Actual,No,Cash,
INV-10295,C018,EL-GREEN,2024-06-02,2024-06-28,2024-06-27,5996.2,911.43,0,Paid,Actual,No,Web Banking,
INV-10296,C052,EL-GREEN,2024-02-21,2024-03-15,2024-03-07,640.8,102.77,0,Paid,Actual,No,Web Banking,
INV-10297,C002,GAS-VAR,2024-07-18,2024-08-18,2024-08-12,651.5,46.1,0,Paid,Actual,No,Card,
INV-10298,C040,EL-VAR,2024-08-17,2024-09-17,2024-09-16,1325,179.1,0,Paid,Estimated,No,Direct Debit,
INV-10299,C054,GAS-FIX,2025-07-04,2025-07-25,2025-08-28,2823.8,204.29,0,Late,Estimated,No,Card,
INV-10300,C023,EL-GREEN,2025-04-10,2025-05-06,2025-04-29,925.2,145.71,0,Paid,Actual,No,Web Banking,
INV-10301,C037,EL-GREEN,2025-01-14,2025-02-11,2025-02-15,215.3,38.5,0,Late,Estimated,No,Web Banking,
INV-10302,C021,GAS-FIX,2025-09-10,2025-10-07,2025-11-11,889.5,66.95,0,Late,Estimated,No,Direct Debit,
INV-10303,C044,GAS-VAR,2025-09-04,2025-09-30,2025-09-24,254.8,2.48,17.43,Paid,Estimated,No,Cash,
INV-10304,C033,EL-GREEN,2024-03-16,2024-04-12,2024-05-08,388.5,64.66,0,Late,Actual,No,Direct Debit,
INV-10305,C028,EL-FIX12,2025-02-09,2025-03-12,2025-03-11,382.1,60.9,0,Paid,Actual,No,Cash,
INV-10306,C017,DUAL-SAVE,2025-05-01,2025-05-24,2025-05-30,943.4,118.83,0,Late,Actual,No,Bank Transfer,
INV-10307,C045,GAS-FIX,2025-01-19,2025-02-17,2025-02-11,846.2,63.88,0,Paid,Actual,No,Web Banking,
INV-10308,C052,EL-VAR,2024-07-10,2024-08-06,2024-07-31,1043.4,141.93,0,Paid,Estimated,No,Card,
INV-10309,C049,GAS-FIX,2024-02-16,2024-03-18,2024-03-12,2060.3,150.08,0,Paid,Actual,No,Card,
INV-10310,C006,GAS-VAR,2025-07-04,2025-07-30,2025-08-03,71.4,0,18.98,Late,Actual,Y,Direct Debit,
INV-10311,C001,EL-GREEN,2024-08-19,2024-09-16,2024-09-16,4678.8,703.72,8.78,Paid,Actual,No,Cash,
INV-10312,C014,EL-VAR,2025-02-13,2025-03-12,2025-03-04,635.4,88.07,0,Paid,Actual,No,Card,
INV-10313,C005,EL-GREEN,2025-08-24,2025-09-17,2025-09-14,1050.8,164.68,0,Paid,Actual,No,Direct Debit,
INV-10314,C058,EL-VAR,2024-10-21,2024-11-12,,406.4,57.85,0,Overdue,Actual,No,Cash,
INV-10315,C033,DUAL-SAVE,2025-07-07,2025-07-31,2025-07-31,165.9,19.82,7.25,Paid,Actual,No,Bank Transfer,
INV-10316,C051,GAS-VAR,2024-01-22,2024-02-17,2024-02-14,726.3,51.03,0,Paid,Actual,No,Direct Debit,
INV-10317,C040,EL-FIX12,2025-07-25,2025-08-22,2025-08-14,1952.1,288.56,0,Paid,Estimated,No,Bank Transfer,
INV-10318,C020,GAS-VAR,2024-07-15,2024-08-07,2024-08-06,597.3,42.52,0,Paid,Actual,No,Web Banking,
INV-10319,C008,DUAL-SAVE,2025-08-05,2025-08-29,2025-08-21,260.1,38.19,0,Paid,Actual,No,Direct Debit,
INV-10320,C020,EL-GREEN,2025-04-13,2025-05-10,2025-06-01,865.9,136.75,0,Late,Actual,No,Bank Transfer,
INV-10321,C041,GAS-FIX,2024-09-03,2024-09-26,,803.4,60.84,0,Overdue,Actual,No,Bank Transfer,
INV-10322,C002,EL-FIX12,2025-11-10,2025-12-10,2025-12-06,1173.1,175.6,0,Paid,Actual,Yes,Direct Debit,
INV-10323,C041,EL-FIX12,2025-07-06,2025-08-01,,2576,379.02,0,Pending,Estimated,Yes,Direct Debit,
INV-10324,C017,DUAL-SAVE,2024-07-14,2024-08-04,2024-07-31,650.1,84.21,0,Paid,Actual,No,Bank Transfer,
INV-10325,C006,GAS-VAR,2024-06-01,2024-07-02,2024-07-31,209.9,16.95,0,Late,Estimated,No,Web Banking,
INV-10326,C042,EL-FIX12,2025-09-08,2025-09-30,2025-09-30,6269.9,914.64,0,Paid,Actual,No,Web Banking,
INV-10327,C014,EL-VAR,2025-01-13,2025-02-11,2025-02-23,955.9,130.38,0,Late,Estimated,No,Direct Debit,
INV-10328,C015,EL-GREEN,2025-09-22,2025-10-14,2025-10-09,2523.3,387.01,0,Paid,Estimated,No,Bank Transfer,
INV-10329,C046,DUAL-SAVE,2025-09-21,2025-10-20,2025-10-12,476.1,63.68,0,Paid,Actual,No,Direct Debit,
INV-10330,C021,DUAL-SAVE,2025-03-23,2025-04-13,2025-04-30,1342.5,149.66,16.26,Late,Estimated,No,Bank Transfer,
INV-10331,C005,EL-GREEN,2025-12-09,2026-01-05,2026-01-03,607.3,97.7,0,Paid,Actual,No,Bank Transfer,
INV-10332,C018,EL-VAR,2025-02-05,2025-02-28,2025-02-27,4297.3,571.44,0,Paid,Actual,No,Web Banking,
INV-10333,C030,EL-VAR,2024-11-21,2024-12-21,2024-12-13,403.6,47.41,10.06,Paid,Actual,No,Direct Debit,
INV-10334,C012,DUAL-SAVE,2024-08-13,2024-09-02,2024-09-01,444.9,60,0,Paid,Actual,N,Cash,
INV-10335,C019,EL-GREEN,2025-01-19,2025-02-10,2025-02-04,3357.5,494.73,18.25,Paid,Actual,Yes,Cash,
INV-10336,C036,DUAL-SAVE,2024-07-06,2024-08-01,2024-07-31,5527.3,659.72,0,Paid,Actual,No,Card,
INV-10337,C009,DUAL-SAVE,2025-07-07,2025-08-04,2025-08-12,565.1,74.18,0,Late,Estimated,No,Bank Transfer,
INV-10338,C034,DUAL-SAVE,2024-10-14,2024-11-09,2024-11-04,168.6,27.4,0,Paid,Actual,No,Direct Debit,
INV-10339,C014,DUAL-SAVE,2024-03-20,2024-04-14,2024-04-14,868.5,109.98,0,Paid,Actual,No,Cash,
INV-10340,C045,DUAL-SAVE,2024-03-09,2024-03-29,2024-03-24,953.4,120.01,0,Paid,Actual,No,Web Banking,
INV-10341,C022,GAS-FIX,2025-03-15,2025-04-07,,1457.4,107.28,0,Overdue,Actual,No,Card,
INV-10342,C054,EL-FIX12,2025-03-09,2025-04-01,,3442.2,504.62,0,Overdue,Actual,No,Direct Debit,
INV-10343,C050,EL-GREEN,2024-02-25,2024-03-25,2024-03-21,383.6,63.93,0,Paid,Actual,No,Cash,
INV-10344,C058,GAS-VAR,2025-05-08,2025-06-02,2025-06-06,217.6,0.59,16.87,Late,Estimated,No,Direct Debit,
INV-10345,C039,DUAL-SAVE,2024-05-19,2024-06-18,2024-06-18,4085.3,489.56,0,Paid,Actual,No,Card,
INV-10346,C001,GAS-VAR,2024-03-15,2024-04-06,2024-03-30,4585,305.71,0,Paid,Actual,No,Card,
INV-10347,C039,EL-VAR,2024-11-15,2024-12-12,2025-01-14,4137.4,550.34,0,Late,Actual,No,Bank Transfer,
INV-10348,C009,EL-GREEN,2025-10-04,2025-10-27,,471.8,77.25,0,Overdue,Actual,No,Bank Transfer,
INV-10349,C030,EL-VAR,2024-06-21,2024-07-15,,836.3,114.59,0,Overdue,Estimated,No,Cash,
INV-10350,C029,GAS-VAR,2025-01-20,2025-02-20,2025-02-19,10430.2,691.49,0,Paid,Actual,No,Web Banking,
INV-10351,C008,EL-FIX12,2025-11-12,2025-12-06,2025-12-04,387.6,61.7,0,Paid,Estimated,No,Card,
INV-10352,C043,GAS-VAR,2024-11-25,2024-12-26,2024-12-18,726.1,51.02,0,Paid,Estimated,No,Cash,
INV-10353,C040,GAS-VAR,2025-05-14,2025-06-04,2025-06-15,1528.2,103.96,0,Late,Actual,No,Web Banking,
INV-10354,C029,DUAL-SAVE,2025-06-24,2025-07-14,2025-07-14,5333.7,636.88,0,Paid,Actual,No,Bank Transfer,
INV-10355,C044,GAS-VAR,2024-02-21,2024-03-22,2024-03-15,1437.8,97.99,0,Paid,Actual,No,Card,
INV-10356,C010,EL-FIX12,2025-05-15,2025-06-14,,1605.9,238.35,0,Overdue,Actual,No,Cash,
INV-10357,C051,GAS-VAR,2025-02-06,2025-03-03,2025-03-01,356.1,26.6,0,Paid,Actual,No,Card,
INV-10358,C058,DUAL-SAVE,2025-11-06,2025-12-05,2025-12-05,261.5,38.35,0,Paid,Actual,No,Card,
INV-10359,C049,EL-VAR,2024-08-06,2024-09-02,,1559.4,210.04,0,Overdue,actual,No,Web Banking,
INV-10360,C014,EL-FIX12,2025-03-06,2025-04-02,2025-03-25,627.3,96.45,0,Paid,Actual,No,Card,
INV-10361,C016,GAS-VAR,2024-10-20,2024-11-15,2024-11-13,545.9,39.13,0,Paid,Actual,No,Bank Transfer,
INV-10362,C053,EL-GREEN,2024-04-20,2024-05-14,2024-05-09,4072,620.87,0,Paid,Actual,No,Direct Debit,
INV-10363,C050,EL-VAR,2024-03-02,2024-03-31,,458.7,64.75,0,Overdue,Actual,No,Bank Transfer,
INV-10364,C024,GAS-FIX,2024-11-07,2024-11-27,2024-11-20,470.4,37.2,0,Paid,Actual,No,Card,
INV-10365,C057,GAS-VAR,2024-10-08,2024-11-02,2024-10-30,673.4,47.54,0,Paid,Actual,No,Direct Debit,
INV-10366,C052,DUAL-SAVE,2024-11-02,2024-12-02,2024-11-29,555.8,73.08,0,Paid,Estimated,No,Card,
INV-10367,C026,EL-FIX12,2024-10-23,2024-11-14,2024-11-09,1001.7,150.75,0,Paid,Actual,No,Web Banking,
INV-10368,C021,DUAL-SAVE,2024-03-19,2024-04-13,2024-05-02,1118.2,133.14,6.31,Late,Actual,Yes,Direct Debit,
INV-10369,C056,EL-VAR,2025-09-01,2025-09-28,2025-09-24,1276.1,172.65,0,Paid,Actual,No,Card,
INV-10370,C030,EL-FIX12,2025-03-13,2025-04-02,2025-04-29,452.9,71.16,0,Late,Actual,No,Cash,
INV-10371,C040,GAS-FIX,2024-05-02,2024-05-28,2024-05-25,1354.7,99.98,0,Paid,Actual,No,Card,
INV-10372,C044,GAS-FIX,2025-04-02,2025-05-02,2025-04-24,471.3,37.26,0,Paid,Actual,No,Card,
INV-10373,C042,GAS-VAR,2024-07-18,2024-08-11,2024-08-08,2221.4,149.71,0,Paid,Actual,No,Card,
INV-10374,C056,EL-FIX12,2025-12-13,2026-01-05,2025-12-28,1009.8,151.92,0,Paid,Actual,No,Bank Transfer,
INV-10375,C038,EL-FIX12,2025-10-23,2025-11-12,,586.9,90.59,0,Overdue,Estimated,No,Web Banking,
INV-10376,C021,EL-GREEN,2025-08-25,2025-09-22,2025-10-26,1105.4,172.92,0,Late,Actual,No,Card,
INV-10377,C002,EL-VAR,2024-05-15,2024-06-14,2024-07-04,1189.5,161.21,0,Late,Actual,No,Bank Transfer,
INV-10378,C001,DUAL-SAVE,2024-05-02,2024-06-01,2024-06-05,4309.9,516.06,0,Late,Actual,No,Card,
INV-10379,C016,EL-VAR,2024-06-11,2024-07-04,2024-06-26,884.3,114.02,6.91,Paid,Actual,No,Web Banking,
INV-10380,C005,DUAL-SAVE,2024-12-14,2025-01-11,2025-01-05,543.6,71.65,0,Paid,Estimated,No,Web Banking,
INV-10381,C049,DUAL-SAVE,2025-10-05,2025-11-03,,1070.7,133.84,0,Overdue,Actual,No,Card,
INV-10382,C026,GAS-FIX,2024-01-06,2024-02-03,2024-01-28,2130.1,155.04,0,Paid,Estimated,No,Web Banking,
INV-10383,C046,EL-FIX12,2024-02-01,2024-02-21,2024-02-18,166.3,29.62,0,Paid,Actual,No,Card,
INV-10384,C052,GAS-FIX,2024-07-15,2024-08-14,2024-08-08,272.9,23.18,0,Paid,Actual,No,Direct Debit,
INV-10385,C054,EL-VAR,2025-06-13,2025-07-10,,5551.1,736.94,0,Overdue,Actual,No,Web Banking,
INV-10386,C053,EL-FIX12,2024-03-19,2024-04-14,2024-04-06,5890.4,859.61,0,Paid,Estimated,No,Bank Transfer,
INV-10387,C019,EL-GREEN,2025-02-14,2025-03-11,,6922.3,1051.27,0,Overdue,Actual,No,bank transfer,
INV-10388,C011,EL-GREEN,2025-04-16,2025-05-08,2025-05-05,200.4,36.25,0,Paid,Actual,No,Cash,
INV-10389,C054,GAS-FIX,2025-04-25,2025-05-17,2025-05-19,3791.3,267.71,5.27,Late,Estimated,No,Direct Debit,
INV-10390,C021,DUAL-SAVE,2025-04-10,2025-05-04,2025-05-03,980.8,123.23,0,Paid,Actual,No,Cash,
INV-10391,C001,EL-FIX12,2024-06-24,2024-07-23,2024-08-10,4310.6,630.53,0,Late,Actual,No,Card,
INV-10392,C059,DUAL-SAVE,2025-11-12,2025-12-03,2025-12-18,511,60.13,7.67,Late,Actual,No,Cash,
INV-10393,C042,EL-VAR,2024-01-15,2024-02-10,2024-02-03,14135.9,1870.14,0,Paid,Actual,No,Card,
INV-10394,C015,EL-GREEN,2025-05-06,2025-06-03,2025-05-30,1551.9,240.34,0,Paid,Estimated,No,Cash,
INV-10395,C044,EL-GREEN,2024-08-14,2024-09-13,2024-09-14,1066.1,166.99,0,Late,Estimated,No,Cash,
INV-10396,C026,EL-FIX12,2024-10-03,2024-10-25,2024-10-25,945.1,142.54,0,Paid,Actual,No,Web Banking,
INV-10397,C040,EL-VAR,2025-06-19,2025-07-10,2025-07-28,1404.1,189.54,0,Late,Actual,No,Web Banking,
INV-10398,C032,DUAL-SAVE,2025-03-01,2025-03-22,2025-03-17,1076.5,124.19,10.34,Paid,Actual,No,Cash,
INV-10399,C010,DUAL-SAVE,2024-03-22,2024-04-22,2024-04-21,1876.7,228.95,0,Paid,Actual,No,Bank Transfer,
INV-10400,C005,EL-FIX12,2025-02-02,2025-03-03,2025-02-28,452.2,67.33,3.75,Paid,Estimated,No,Bank Transfer,
INV-10401,C008,EL-VAR,2025-12-01,2025-12-21,2025-12-18,543.6,75.95,0,Paid,Estimated,No,Cash,
INV-10402,C045,GAS-VAR,2025-11-09,2025-12-09,2025-12-03,528,37.95,0,Paid,Estimated,No,Direct Debit,
INV-10403,C007,GAS-FIX,2025-11-13,2025-12-13,2025-12-11,474.4,37.48,0,Paid,Actual,No,Card,
INV-10404,C033,GAS-FIX,2025-12-11,2025-12-31,2025-12-24,843.2,63.67,0,Paid,Actual,No,Card,
INV-10405,C042,EL-VAR,2025-03-16,2025-04-05,2025-03-28,4935.4,655.68,0,Paid,Estimated,No,Web Banking,
INV-10406,C054,DUAL-SAVE,2025-11-13,2025-12-12,2026-01-06,3903.1,457.9,10.16,Late,Actual,No,Direct Debit,
INV-10407,C057,EL-VAR,2024-09-01,2024-09-28,2024-09-28,1973.6,264.71,0,Paid,Actual,No,Card,
INV-10408,C010,EL-GREEN,2025-03-13,2025-04-09,,1684.3,260.32,0,Overdue,Estimated,No,Web Banking,
INV-10409,C052,DUAL-SAVE,2025-04-01,2025-04-24,2025-04-25,776.1,99.08,0,Late,Actual,No,Cash,
INV-10410,C005,EL-VAR,2025-01-03,2025-01-28,2025-02-13,898.9,122.85,0,Late,Actual,No,Web Banking,
INV-10411,C008,GAS-FIX,2024-05-01,2024-05-26,2024-06-20,196.7,17.76,0,Late,Actual,No,Card,
INV-10412,C056,EL-FIX12,2025-07-25,2025-08-25,2025-09-06,851.3,967.05,0,Late,Actual,No,Web Banking,
INV-10413,C020,GAS-VAR,2025-10-08,2025-10-29,2025-10-25,963.2,66.67,0,Paid,Actual,No,Direct Debit,
INV-10414,C020,EL-VAR,2024-07-16,2024-08-09,,1479.9,181.04,18.5,Pending,Actual,No,Card,
INV-10415,C024,EL-FIX12,2024-03-09,2024-04-08,,424.1,48.14,18.85,Overdue,Actual,No,Card,
INV-10416,C051,EL-FIX12,2024-08-22,2024-09-11,2024-10-05,492.7,76.94,0,Late,Actual,No,Web Banking,
INV-10417,C004,EL-VAR,2025-09-22,2025-10-14,2025-10-10,1873.4,251.48,0,Paid,Actual,No,Web Banking,
INV-10418,C053,GAS-FIX,2025-11-18,2025-12-11,,3103.1,210.23,13.89,Overdue,Actual,No,Bank Transfer,
INV-10419,C053,GAS-FIX,2024-10-16,2024-11-15,2024-12-02,4199.3,301.95,0,Late,Actual,No,Web Banking,
INV-10420,C040,DUAL-SAVE,2025-08-04,2025-08-30,2025-08-31,1150.7,143.28,0,Late,Actual,No,Cash,
INV-10421,C014,GAS-VAR,2025-03-11,2025-04-05,2025-04-03,650.1,46.01,0,Paid,Actual,No,Bank Transfer,
INV-10422,C015,EL-GREEN,2024-10-09,2024-10-29,2024-10-28,1210.9,188.84,0,Paid,Actual,No,Direct Debit,
INV-10423,C021,GAS-VAR,2024-04-04,2024-05-01,2024-05-05,942.6,65.31,0,Late,Actual,No,Card,
INV-10424,C031,DUAL-SAVE,2025-06-12,2025-07-07,2025-07-02,2180.6,264.82,0,Paid,Estimated,No,Cash,
INV-10425,C017,EL-VAR,2025-09-20,2025-10-21,2025-10-17,1243.8,150.14,18.24,Paid,Actual,No,Card,
INV-10426,C012,EL-FIX12,2024-09-25,2024-10-17,2024-11-09,482.3,55.7,19.73,Late,Actual,No,Direct Debit,
INV-10427,C032,EL-GREEN,2024-04-08,2024-05-06,2024-05-01,1292.9,201.23,0,Paid,Actual,No,Direct Debit,
INV-10428,C021,EL-FIX12,2025-02-09,2025-03-12,,2057.2,303.79,0,Overdue,Actual,Yes,Web Banking,
INV-10429,C023,EL-VAR,2025-02-05,2025-03-05,2025-04-03,1585.9,213.54,0,Late,Actual,No,Cash,
INV-10430,C017,GAS-VAR,2024-05-11,2024-06-10,2024-06-22,736.3,51.7,0,Late,Actual,No,Web Banking,
INV-10431,C058,EL-FIX12,2025-03-11,2025-04-06,2025-04-02,483.2,75.57,0,Paid,Actual,No,Card,
INV-10432,C014,GAS-VAR,2024-08-07,2024-08-27,2024-09-24,225.2,17.96,0,Late,Actual,No,Card,
INV-10433,C050,EL-FIX12,2024-11-18,2024-12-14,2024-12-12,697.2,106.6,0,Paid,Estimated,No,Web Banking,
INV-10434,C033,DUAL-SAVE,2024-12-04,2024-12-29,2024-12-24,430,58.24,0,Paid,Estimated,No,Cash,
INV-10435,C020,EL-GREEN,2024-07-20,2024-08-15,2024-08-07,1605.9,248.49,0,Paid,Actual,No,Bank Transfer,
INV-10436,C014,GAS-FIX,2025-12-15,2026-01-12,,1236.1,91.56,0,Pending,Actual,No,Cash,
INV-10437,C055,GAS-FIX,2024-11-17,2024-12-12,2024-12-07,1155.7,85.86,0,Paid,Actual,No,Card,
INV-10438,C038,EL-FIX12,2025-07-10,2025-07-31,2025-08-02,-120,107.65,0,Late,Actual,No,Web Banking,
INV-10439,C026,GAS-FIX,2024-11-19,2024-12-13,,1501.6,110.41,0,Overdue,Estimated,No,Bank Transfer,
INV-10440,C013,GAS-FIX,2025-07-09,2025-07-29,2025-07-22,312.1,25.96,0,Paid,Actual,No,Card,
INV-10441,C017,DUAL-SAVE,2025-03-09,2025-04-02,2025-03-26,491.7,65.53,0,Paid,Estimated,No,Direct Debit,
INV-10442,C059,EL-GREEN,2024-06-25,2024-07-25,2024-08-26,964.7,146.9,4.76,Late,Estimated,No,Bank Transfer,
INV-10443,C057,EL-VAR,2024-06-07,2024-07-03,,1999.9,268.19,0,Pending,Estimated,No,Direct Debit,
INV-10444,C043,EL-VAR,2025-01-15,2025-02-14,2025-03-10,1308.8,176.96,0,Late,Estimated,No,Web Banking,
INV-10445,C018,GAS-VAR,2024-06-17,2024-07-08,2024-07-03,1908.2,129.04,0,Paid,Actual,Yes,Card,
INV-10446,C044,EL-VAR,2024-04-17,2024-05-07,2024-05-07,490,60.53,8.35,Paid,Actual,No,Card,
INV-10447,C038,GAS-VAR,2024-12-23,2025-01-20,2025-01-12,1251.2,77.72,7.96,Paid,Estimated,No,Card,
INV-10448,C033,EL-GREEN,2024-06-23,2024-07-22,2024-08-17,181.5,33.4,0,Late,Actual,No,Direct Debit,
INV-10449,C048,EL-VAR,2025-05-14,2025-06-05,,3313.9,441.63,0,Overdue,Actual,No,Cash,
INV-10450,C022,GAS-FIX,2024-12-09,2025-01-04,2024-12-27,1413,104.12,0,Paid,Estimated,No,Bank Transfer,
INV-10451,C003,EL-FIX12,2024-07-17,2024-08-13,2024-08-12,2063.5,304.71,0,Paid,Actual,No,Web Banking,
INV-10452,C044,GAS-VAR,2024-03-02,2024-03-26,2024-03-19,432.1,31.62,0,Paid,Actual,No,Cash,
INV-10453,C004,DUAL-SAVE,2024-08-20,2024-09-09,2024-09-08,1537.3,188.91,0,Paid,Estimated,No,Bank Transfer,
INV-10454,C024,GAS-VAR,2024-09-24,2024-10-25,2024-10-19,411.7,30.27,0,Paid,Actual,No,Web Banking,
INV-10455,C060,EL-GREEN,2025-05-22,2025-06-16,2025-06-11,1553.2,240.54,0,Paid,Actual,No,Cash,
INV-10456,C030,EL-GREEN,2024-12-10,2025-01-10,2025-01-13,591.6,95.33,0,Late,Actual,No,Bank Transfer,
INV-10457,C008,EL-VAR,2024-10-04,2024-11-03,2024-10-31,391.8,55.91,0,Paid,Actual,No,Card,
INV-10458,C001,EL-VAR,2024-10-24,2024-11-13,2024-11-08,4227.1,562.17,0,Paid,Actual,No,Card,
INV-10459,C034,DUAL-SAVE,2025-02-24,2025-03-19,2025-03-14,343.1,47.99,0,Paid,Actual,No,Bank Transfer,
INV-10460,C044,EL-GREEN,2024-06-05,2024-07-06,2024-07-02,747.5,118.87,0,Paid,Actual,No,Bank Transfer,
INV-10461,C018,EL-FIX12,2024-12-17,2025-01-13,2025-02-09,12060.2,1754.23,0,Late,Actual,No,Direct Debit,
INV-10462,C015,GAS-VAR,2025-07-21,2025-08-14,2025-08-06,1616.4,109.78,0,Paid,Actual,No,Direct Debit,
INV-10463,C999,GAS-FIX,2025-06-19,2025-07-18,2025-07-13,433,15.54,19,Paid,Actual,No,Card,
INV-10464,C059,EL-FIX12,2025-07-25,2025-08-16,2025-08-12,530.7,76.95,5.5,Paid,Actual,No,Bank Transfer,
INV-10465,C031,DUAL-SAVE,2025-10-21,2025-11-13,2025-11-08,1237.6,153.54,0,Paid,Actual,No,Cash,
INV-10466,C009,EL-VAR,2024-07-20,2024-08-20,2024-08-16,778.2,106.92,0,Paid,Actual,Yes,Web Banking,
INV-10467,C057,EL-GREEN,2024-07-05,2024-07-30,2024-07-24,1079.3,157.86,11.12,Paid,Actual,No,Cash,
INV-10468,C012,DUAL-SAVE,2025-04-10,2025-05-11,2025-05-06,502.5,46.94,19.85,Paid,Actual,No,Card,
INV-10469,C001,EL-VAR,2024-05-08,2024-05-28,2024-05-28,8819.3,1168.35,0,Paid,Actual,Yes,Web Banking,
INV-10470,C020,GAS-FIX,2025-07-12,2025-08-10,2025-08-09,468.2,37.04,0,Paid,Estimated,No,Direct Debit,
INV-10471,C046,GAS-VAR,2025-04-14,2025-05-15,2025-05-07,366.3,27.27,0,Paid,Actual,Yes,Web Banking,
INV-10472,C042,GAS-FIX,2024-09-12,2024-10-08,2024-11-02,4595.4,310.21,19.86,Late,Actual,No,Bank Transfer,
INV-10473,C014,EL-FIX12,2024-06-09,2024-07-03,,1055.6,158.56,0,Overdue,Actual,Yes,Bank Transfer,
INV-10474,C007,GAS-VAR,2024-09-08,2024-10-03,2024-10-09,414.9,13.22,17.27,Late,Actual,No,Cash,
INV-10475,C039,EL-GREEN,2024-09-01,2024-09-28,2024-09-23,5314.6,797.47,11.03,Paid,Actual,No,Cash,
INV-10476,C020,EL-FIX12,2025-05-11,2025-06-06,2025-06-01,1393,207.48,0,Paid,Actual,No,Card,
INV-10477,C043,GAS-FIX,2025-03-13,2025-04-08,2025-04-04,990.4,74.12,0,Paid,Actual,No,Bank Transfer,
INV-10478,C012,EL-FIX12,2025-06-18,2025-07-09,2025-08-07,594.2,91.66,0,Late,Actual,Yes,Cash,
INV-10479,C028,EL-VAR,2024-06-12,2024-07-12,2024-08-05,435.7,61.72,0,Late,Actual,No,Direct Debit,
INV-10480,C004,EL-GREEN,2024-01-17,2024-02-07,2024-02-03,1467.8,227.64,0,Paid,Actual,No,Direct Debit,
INV-10481,C009,GAS-FIX,2025-07-09,2025-08-04,2025-07-30,282.6,23.87,0,Paid,Actual,Yes,Bank Transfer,
INV-10482,C020,GAS-VAR,2025-10-17,2025-11-14,2025-11-12,1009,69.69,0,Paid,Actual,No,Cash,
INV-10483,C029,EL-VAR,2025-04-14,2025-05-09,2025-05-04,3272.3,436.14,0,Paid,Actual,No,Card,
INV-10484,C034,DUAL-SAVE,2025-06-14,2025-07-14,2025-07-07,358.3,49.78,0,Paid,Actual,No,Bank Transfer,
INV-10485,C026,EL-GREEN,2024-03-21,2024-04-14,,1021.1,145.06,15.12,Overdue,Actual,No,Bank Transfer,
INV-10486,C035,DUAL-SAVE,2025-05-16,2025-06-12,2025-06-10,983.1,123.5,0,Paid,Actual,No,Direct Debit,
INV-10487,C007,DUAL-SAVE,2025-09-11,2025-10-12,2025-10-04,802.9,86.48,15.76,Paid,Actual,No,Bank Transfer,
INV-10488,C052,DUAL-SAVE,2025-07-22,2025-08-11,,593.4,77.52,0,Overdue,Actual,No,Direct Debit,
INV-10489,C053,EL-FIX12,2025-07-01,2025-07-29,2025-07-26,7240.9,1055.43,0,Paid,Actual,No,Cash,
INV-10490,C008,UNKNOWN,2025-08-13,2025-09-05,2025-08-31,338.6,47.46,0,Paid,Actual,No,Cash,
INV-10491,C019,EL-VAR,2025-12-22,2026-01-12,2026-01-08,7280.1,965.18,0,Paid,Actual,No,Cash,
INV-10492,C015,DUAL-SAVE,2025-08-05,2025-08-31,2025-08-27,1666.8,204.19,0,Paid,Estimated,No,Web Banking,
INV-10493,C008,DUAL-SAVE,2024-02-12,2024-03-09,2024-03-01,498,66.26,0,Paid,Actual,No,Web Banking,
INV-10494,C021,DUAL-SAVE,2025-02-15,2025-03-08,2025-03-02,1635.1,191.76,8.68,Paid,Estimated,No,Bank Transfer,
INV-10495,C043,EL-VAR,2025-12-05,2025-12-25,2025-12-24,1406,189.79,0,Paid,Estimated,No,Bank Transfer,
INV-10496,C050,EL-GREEN,2025-04-13,2025-05-04,2025-05-24,134,23.58,2.66,Late,Actual,No,Bank Transfer,
INV-10497,C046,GAS-VAR,2025-02-04,2025-03-06,,572.2,40.87,0,Overdue,Actual,No,Web Banking,
INV-10498,C025,GAS-VAR,2025-04-24,2025-05-19,,213,17.16,0,Overdue,Actual,Yes,Cash,
INV-10499,C033,GAS-VAR,2024-02-24,2024-03-19,2024-03-11,432.2,31.62,0,Paid,Actual,No,Bank Transfer,
INV-10500,C035,DUAL-SAVE,2024-09-03,2024-09-30,2024-10-31,1803.6,211.24,9.08,Late,Estimated,Yes,Direct Debit,
INV-10501,C047,EL-GREEN,2024-11-20,2024-12-10,2024-12-02,618.5,99.39,0,Paid,Actual,No,Cash,
INV-10502,C058,EL-GREEN,2025-06-19,2025-07-18,,534.3,86.69,0,Overdue,Actual,No,Cash,
INV-10503,C046,EL-FIX12,2024-01-10,2024-02-01,2024-01-24,436.2,68.75,0,Paid,Estimated,No,Bank Transfer,
INV-10504,C051,EL-VAR,2024-02-21,2024-03-13,,534.3,64.37,10.36,Overdue,Actual,No,Web Banking,
INV-10505,C010,EL-GREEN,2024-03-22,2024-04-14,2024-05-01,1482.6,229.87,0,Late,Actual,No,Cash,
INV-10506,C053,DUAL-SAVE,2025-01-25,2025-02-22,2025-03-19,4676.3,559.3,0,Late,Actual,No,Bank Transfer,
INV-10507,C056,GAS-VAR,2024-01-03,2024-01-29,2024-02-04,688.8,48.56,0,Late,Estimated,No,Bank Transfer,
INV-10508,C049,GAS-VAR,2025-05-05,2025-05-28,2025-05-23,930.4,64.51,0,Paid,Estimated,No,Web Banking,
INV-10509,C025,EL-GREEN,2025-01-07,2025-02-02,2025-01-29,501.9,81.79,0,Paid,Estimated,No,Web Banking,
INV-10510,C052,EL-VAR,2025-07-03,2025-07-28,2025-07-30,975.5,132.96,0,Late,Actual,No,Bank Transfer,
INV-10511,C014,EL-VAR,2025-10-03,2025-10-29,2025-10-23,616.6,69.42,16.17,Paid,Estimated,No,Direct Debit,
INV-10512,C012,EL-FIX12,2024-12-21,2025-01-18,2025-01-15,216.2,36.85,0,Paid,Actual,No,Card,
INV-10513,C007,GAS-VAR,2024-09-20,2024-10-21,2024-10-17,454.3,25.79,7.29,Paid,Actual,No,Direct Debit,
INV-10514,C013,EL-FIX12,2024-09-23,2024-10-17,2024-10-11,698.1,106.73,0,Paid,Estimated,No,Card,
INV-10515,C017,EL-FIX12,2025-06-22,2025-07-13,2025-07-05,908.1,137.18,0,Paid,Actual,No,Cash,
INV-10516,C027,EL-GREEN,2024-07-20,2024-08-13,,1265.1,197.04,0,Overdue,Actual,No,Direct Debit,
INV-10517,C014,EL-VAR,2024-02-12,2024-03-05,2024-03-03,661.9,77.58,13.99,Paid,Actual,Yes,Direct Debit,
INV-10518,C023,GAS-FIX,2024-07-21,2024-08-14,2024-08-09,551,42.92,0,Paid,Actual,No,Card,
INV-10519,C029,EL-VAR,2024-10-14,2024-11-05,2024-11-01,3678.9,489.82,0,Paid,Actual,No,Direct Debit,
INV-10520,C056,EL-GREEN,2025-08-01,2025-08-29,2025-08-25,636.2,102.07,0,Paid,Actual,No,Cash,
INV-10026,C011,EL-VAR,2024-01-05,2024-01-30,2024-01-25,326.1,47.24,0,Paid,Actual,No,Direct Debit,duplicate row for audit
